,FileName,Uncertainity of Post_Diagnosis,Results and Side-Effects Observed,Medical Assistance,Diet and Maintenance,Information Source
0,ARTHROTEC.1.txt,1,1,0,0,0
1,ARTHROTEC.2.txt,0,1,0,0,0
2,ARTHROTEC.3.txt,1,1,0,0,0
3,ARTHROTEC.4.txt,1,1,0,0,0
4,ARTHROTEC.5.txt,0,1,0,0,0
5,ARTHROTEC.6.txt,1,1,0,0,0
6,ARTHROTEC.7.txt,0,1,1,0,0
7,ARTHROTEC.8.txt,0,1,0,0,0
8,ARTHROTEC.9.txt,0,1,0,0,0
9,ARTHROTEC.10.txt,0,1,0,0,0
10,ARTHROTEC.11.txt,0,1,0,0,0
11,ARTHROTEC.12.txt,0,1,0,0,0
12,ARTHROTEC.13.txt,0,1,0,1,0
13,ARTHROTEC.14.txt,0,1,0,0,0
14,ARTHROTEC.15.txt,1,1,0,0,0
15,ARTHROTEC.16.txt,0,1,0,0,1
16,ARTHROTEC.17.txt,0,1,0,0,0
17,ARTHROTEC.18.txt,0,1,0,0,0
18,ARTHROTEC.19.txt,0,1,1,0,0
19,ARTHROTEC.20.txt,1,1,0,0,1
20,ARTHROTEC.21.txt,0,1,0,0,0
21,ARTHROTEC.22.txt,1,1,0,0,0
22,ARTHROTEC.23.txt,0,1,1,0,0
23,ARTHROTEC.24.txt,0,1,1,0,0
24,ARTHROTEC.25.txt,0,1,0,0,0
25,ARTHROTEC.26.txt,0,1,1,0,0
26,ARTHROTEC.27.txt,1,1,0,0,0
27,ARTHROTEC.28.txt,0,1,0,0,0
28,ARTHROTEC.29.txt,1,1,0,0,0
29,ARTHROTEC.30.txt,0,1,1,0,1
30,ARTHROTEC.31.txt,0,1,1,0,0
31,ARTHROTEC.32.txt,0,1,0,1,0
32,ARTHROTEC.33.txt,0,1,0,0,0
33,ARTHROTEC.34.txt,0,1,0,0,0
34,ARTHROTEC.35.txt,0,1,0,0,0
35,ARTHROTEC.36.txt,0,1,0,0,0
36,ARTHROTEC.37.txt,0,1,0,0,0
37,ARTHROTEC.38.txt,0,1,0,0,0
38,ARTHROTEC.39.txt,0,1,0,1,1
39,ARTHROTEC.40.txt,1,0,0,0,1
40,ARTHROTEC.41.txt,0,1,1,0,0
41,ARTHROTEC.42.txt,0,1,1,0,1
42,ARTHROTEC.43.txt,0,1,0,0,0
43,ARTHROTEC.44.txt,0,1,0,0,0
44,ARTHROTEC.45.txt,0,1,0,0,0
45,ARTHROTEC.46.txt,0,1,0,0,0
46,ARTHROTEC.47.txt,1,1,0,0,0
47,ARTHROTEC.48.txt,0,1,0,0,0
48,ARTHROTEC.49.txt,0,1,0,0,0
49,ARTHROTEC.50.txt,0,1,0,0,0
50,ARTHROTEC.51.txt,0,1,0,0,0
51,ARTHROTEC.52.txt,0,1,0,0,0
52,ARTHROTEC.53.txt,0,1,0,0,0
53,ARTHROTEC.54.txt,0,1,0,0,0
54,ARTHROTEC.55.txt,0,1,0,0,0
55,ARTHROTEC.56.txt,0,1,0,0,0
56,ARTHROTEC.57.txt,1,1,1,0,0
57,ARTHROTEC.58.txt,1,1,1,0,0
58,ARTHROTEC.59.txt,1,1,1,0,0
59,ARTHROTEC.60.txt,0,1,0,0,1
60,ARTHROTEC.61.txt,0,1,0,0,0
61,ARTHROTEC.62.txt,1,1,0,0,0
62,ARTHROTEC.63.txt,1,1,1,0,0
63,ARTHROTEC.64.txt,0,1,0,0,0
64,ARTHROTEC.65.txt,1,1,1,0,0
65,ARTHROTEC.66.txt,0,1,0,0,0
66,ARTHROTEC.67.txt,0,1,0,0,0
67,ARTHROTEC.68.txt,1,1,1,0,0
68,ARTHROTEC.69.txt,0,1,0,0,0
69,ARTHROTEC.70.txt,1,1,0,1,0
70,ARTHROTEC.71.txt,0,1,0,0,0
71,ARTHROTEC.72.txt,0,1,0,0,0
72,ARTHROTEC.73.txt,0,1,0,0,0
73,ARTHROTEC.74.txt,0,1,0,0,0
74,ARTHROTEC.75.txt,0,1,1,0,0
75,ARTHROTEC.76.txt,0,1,0,0,0
76,ARTHROTEC.77.txt,0,1,0,0,0
77,ARTHROTEC.78.txt,0,1,1,0,0
78,ARTHROTEC.79.txt,1,1,0,0,0
79,ARTHROTEC.80.txt,0,1,0,0,0
80,ARTHROTEC.81.txt,0,1,0,0,0
81,ARTHROTEC.82.txt,0,1,0,0,0
82,ARTHROTEC.83.txt,0,1,0,0,0
83,ARTHROTEC.84.txt,0,1,0,0,0
84,ARTHROTEC.85.txt,0,1,0,1,1
85,ARTHROTEC.86.txt,0,1,0,0,0
86,ARTHROTEC.87.txt,0,1,0,0,0
87,ARTHROTEC.88.txt,0,1,0,0,0
88,ARTHROTEC.89.txt,1,1,0,0,0
89,ARTHROTEC.90.txt,0,1,0,0,0
90,ARTHROTEC.91.txt,0,1,0,1,0
91,ARTHROTEC.92.txt,0,1,0,0,0
92,ARTHROTEC.93.txt,0,1,0,1,0
93,ARTHROTEC.94.txt,0,1,0,1,0
94,ARTHROTEC.95.txt,0,1,1,0,0
95,ARTHROTEC.96.txt,0,1,1,1,0
96,ARTHROTEC.97.txt,1,1,0,0,0
97,ARTHROTEC.98.txt,0,1,0,0,0
98,ARTHROTEC.99.txt,0,1,0,0,0
99,ARTHROTEC.100.txt,0,1,0,0,0
100,ARTHROTEC.101.txt,0,1,0,0,0
101,ARTHROTEC.102.txt,0,1,0,0,0
102,ARTHROTEC.103.txt,0,1,0,0,0
103,ARTHROTEC.104.txt,0,1,0,0,0
104,ARTHROTEC.105.txt,1,1,0,0,0
105,ARTHROTEC.106.txt,0,1,0,0,0
106,ARTHROTEC.107.txt,0,1,1,0,0
107,ARTHROTEC.108.txt,0,1,0,0,0
108,ARTHROTEC.109.txt,0,1,0,0,0
109,ARTHROTEC.110.txt,0,1,0,0,0
110,ARTHROTEC.111.txt,0,1,0,0,0
111,ARTHROTEC.112.txt,0,1,0,0,0
112,ARTHROTEC.113.txt,0,1,0,0,0
113,ARTHROTEC.114.txt,1,1,0,0,0
114,ARTHROTEC.115.txt,1,1,0,1,0
115,ARTHROTEC.116.txt,0,1,1,0,0
116,ARTHROTEC.117.txt,0,1,0,0,0
117,ARTHROTEC.118.txt,0,1,0,0,0
118,ARTHROTEC.119.txt,0,1,0,0,0
119,ARTHROTEC.120.txt,0,1,0,0,0
120,ARTHROTEC.121.txt,0,1,0,0,0
121,ARTHROTEC.122.txt,0,1,1,0,0
122,ARTHROTEC.123.txt,0,1,0,0,0
123,ARTHROTEC.124.txt,0,1,0,0,0
124,ARTHROTEC.125.txt,0,1,0,0,0
125,ARTHROTEC.126.txt,0,1,0,0,0
126,ARTHROTEC.127.txt,0,1,0,1,0
127,ARTHROTEC.128.txt,0,1,0,0,0
128,ARTHROTEC.129.txt,0,1,0,0,0
129,ARTHROTEC.130.txt,0,1,0,0,0
130,ARTHROTEC.131.txt,0,1,0,0,0
131,ARTHROTEC.132.txt,0,1,1,0,0
132,ARTHROTEC.133.txt,0,1,0,1,0
133,ARTHROTEC.134.txt,0,1,0,0,1
134,ARTHROTEC.135.txt,0,1,0,0,0
135,ARTHROTEC.136.txt,1,1,0,0,0
136,ARTHROTEC.137.txt,0,1,0,1,0
137,ARTHROTEC.138.txt,0,1,0,0,0
138,ARTHROTEC.139.txt,0,1,0,0,0
139,ARTHROTEC.140.txt,0,1,0,0,0
140,ARTHROTEC.141.txt,0,1,0,0,0
141,ARTHROTEC.142.txt,0,1,0,0,0
142,ARTHROTEC.143.txt,0,1,1,0,0
143,ARTHROTEC.144.txt,0,1,0,0,0
144,ARTHROTEC.145.txt,0,1,0,1,0
145,CAMBIA.1.txt,0,1,0,0,0
146,CAMBIA.2.txt,0,1,0,0,0
147,CAMBIA.3.txt,0,1,0,0,0
148,CAMBIA.4.txt,0,1,0,0,0
149,CATAFLAM.1.txt,0,1,1,0,0
150,CATAFLAM.2.txt,0,1,0,0,0
151,CATAFLAM.3.txt,0,1,0,0,0
152,CATAFLAM.4.txt,0,1,1,0,0
153,CATAFLAM.5.txt,1,0,0,0,0
154,CATAFLAM.6.txt,0,1,0,1,0
155,CATAFLAM.7.txt,1,1,1,0,0
156,CATAFLAM.8.txt,1,1,0,0,0
157,CATAFLAM.9.txt,0,1,0,1,0
158,CATAFLAM.10.txt,0,1,1,0,0
159,DICLOFENAC-POTASSIUM.1.txt,1,1,1,0,0
160,DICLOFENAC-POTASSIUM.2.txt,0,1,0,0,0
161,DICLOFENAC-POTASSIUM.3.txt,0,1,1,0,0
162,DICLOFENAC-SODIUM.1.txt,0,1,0,0,0
163,DICLOFENAC-SODIUM.2.txt,0,1,0,0,0
164,DICLOFENAC-SODIUM.3.txt,1,1,1,0,0
165,DICLOFENAC-SODIUM.4.txt,0,1,0,1,0
166,DICLOFENAC-SODIUM.5.txt,0,1,0,1,0
167,DICLOFENAC-SODIUM.6.txt,0,1,0,0,0
168,DICLOFENAC-SODIUM.7.txt,1,1,1,0,0
169,FLECTOR.1.txt,0,1,0,0,0
170,LIPITOR.1.txt,0,1,0,0,0
171,LIPITOR.2.txt,0,1,0,0,0
172,LIPITOR.3.txt,1,1,0,0,0
173,LIPITOR.4.txt,0,1,0,0,0
174,LIPITOR.5.txt,0,1,0,0,0
175,LIPITOR.6.txt,1,1,0,0,0
176,LIPITOR.7.txt,0,1,0,0,0
177,LIPITOR.8.txt,0,1,0,0,0
178,LIPITOR.9.txt,0,1,0,0,0
179,LIPITOR.10.txt,1,1,0,0,0
180,LIPITOR.11.txt,0,1,0,0,0
181,LIPITOR.12.txt,1,1,0,1,0
182,LIPITOR.13.txt,1,1,0,0,0
183,LIPITOR.14.txt,1,1,1,1,0
184,LIPITOR.15.txt,0,1,0,0,0
185,LIPITOR.16.txt,0,1,0,0,0
186,LIPITOR.17.txt,1,1,0,0,1
187,LIPITOR.18.txt,0,1,1,1,1
188,LIPITOR.19.txt,0,1,0,0,0
189,LIPITOR.20.txt,1,1,0,0,0
190,LIPITOR.21.txt,0,1,0,0,0
191,LIPITOR.22.txt,0,1,0,0,0
192,LIPITOR.23.txt,0,1,1,0,0
193,LIPITOR.24.txt,0,1,0,0,0
194,LIPITOR.25.txt,0,1,0,0,0
195,LIPITOR.26.txt,0,1,1,0,0
196,LIPITOR.27.txt,1,1,1,0,0
197,LIPITOR.28.txt,0,1,0,0,0
198,LIPITOR.29.txt,1,1,1,0,0
199,LIPITOR.30.txt,0,1,0,0,0
200,LIPITOR.31.txt,1,1,0,0,0
201,LIPITOR.32.txt,0,1,1,0,0
202,LIPITOR.33.txt,0,1,1,0,0
203,LIPITOR.34.txt,0,1,1,0,0
204,LIPITOR.35.txt,1,1,1,0,0
205,LIPITOR.36.txt,0,1,1,0,0
206,LIPITOR.37.txt,0,1,0,0,0
207,LIPITOR.38.txt,0,1,0,0,0
208,LIPITOR.39.txt,0,1,0,0,0
209,LIPITOR.41.txt,0,1,0,0,0
210,LIPITOR.42.txt,0,1,0,0,0
211,LIPITOR.43.txt,0,1,0,0,0
212,LIPITOR.44.txt,0,1,0,0,0
213,LIPITOR.45.txt,0,1,0,0,0
214,LIPITOR.46.txt,0,1,0,0,0
215,LIPITOR.47.txt,0,1,0,0,0
216,LIPITOR.48.txt,0,1,1,0,0
217,LIPITOR.49.txt,0,1,0,0,0
218,LIPITOR.50.txt,0,1,0,0,0
219,LIPITOR.51.txt,0,1,1,0,0
220,LIPITOR.52.txt,0,1,1,0,0
221,LIPITOR.53.txt,1,1,0,0,0
222,LIPITOR.54.txt,0,1,1,0,0
223,LIPITOR.55.txt,0,1,0,0,0
224,LIPITOR.56.txt,0,0,0,1,0
225,LIPITOR.57.txt,0,1,0,0,0
226,LIPITOR.58.txt,0,1,1,0,0
227,LIPITOR.59.txt,0,1,1,0,0
228,LIPITOR.60.txt,0,1,1,1,0
229,LIPITOR.61.txt,0,1,0,0,0
230,LIPITOR.62.txt,0,1,0,0,0
231,LIPITOR.63.txt,0,1,0,1,1
232,LIPITOR.64.txt,0,1,0,0,1
233,LIPITOR.65.txt,0,1,0,0,0
234,LIPITOR.66.txt,1,1,0,0,0
235,LIPITOR.67.txt,0,1,1,0,0
236,LIPITOR.68.txt,0,1,0,0,0
237,LIPITOR.69.txt,0,1,0,1,0
238,LIPITOR.70.txt,0,1,1,0,0
239,LIPITOR.71.txt,0,1,0,0,0
240,LIPITOR.72.txt,1,1,1,0,1
241,LIPITOR.73.txt,0,1,0,0,1
242,LIPITOR.74.txt,0,1,0,0,1
243,LIPITOR.75.txt,0,1,0,0,0
244,LIPITOR.76.txt,0,1,1,0,0
245,LIPITOR.77.txt,0,1,1,0,0
246,LIPITOR.78.txt,1,1,0,0,0
247,LIPITOR.79.txt,0,1,1,0,1
248,LIPITOR.80.txt,0,1,0,0,0
249,LIPITOR.81.txt,0,1,0,0,0
250,LIPITOR.82.txt,1,1,0,1,0
251,LIPITOR.83.txt,0,1,0,1,0
252,LIPITOR.84.txt,0,1,0,0,0
253,LIPITOR.85.txt,0,1,0,0,0
254,LIPITOR.86.txt,0,1,0,0,0
255,LIPITOR.87.txt,0,1,0,0,0
256,LIPITOR.88.txt,0,1,0,0,0
257,LIPITOR.89.txt,0,1,0,1,0
258,LIPITOR.90.txt,0,1,0,0,0
259,LIPITOR.91.txt,0,1,1,0,0
260,LIPITOR.92.txt,0,1,1,0,0
261,LIPITOR.93.txt,0,1,0,0,0
262,LIPITOR.94.txt,0,1,0,0,0
263,LIPITOR.95.txt,0,1,0,1,0
264,LIPITOR.96.txt,0,1,0,1,0
265,LIPITOR.97.txt,0,1,0,0,1
266,LIPITOR.98.txt,0,1,1,0,0
267,LIPITOR.99.txt,0,1,1,0,0
268,LIPITOR.100.txt,0,1,0,0,0
269,LIPITOR.101.txt,0,1,0,0,0
270,LIPITOR.102.txt,0,1,0,0,0
271,LIPITOR.103.txt,0,1,0,0,0
272,LIPITOR.104.txt,0,1,0,0,1
273,LIPITOR.105.txt,0,1,0,1,0
274,LIPITOR.106.txt,0,1,0,1,0
275,LIPITOR.107.txt,1,1,0,0,0
276,LIPITOR.108.txt,0,1,0,0,0
277,LIPITOR.109.txt,0,1,0,0,0
278,LIPITOR.110.txt,0,1,0,1,0
279,LIPITOR.111.txt,0,1,1,0,1
280,LIPITOR.112.txt,0,1,1,1,1
281,LIPITOR.113.txt,0,1,0,0,0
282,LIPITOR.114.txt,0,1,0,1,0
283,LIPITOR.115.txt,0,1,0,0,0
284,LIPITOR.116.txt,1,1,0,0,0
285,LIPITOR.117.txt,1,1,0,1,0
286,LIPITOR.118.txt,0,1,0,0,0
287,LIPITOR.119.txt,0,1,0,0,0
288,LIPITOR.120.txt,0,1,1,0,0
289,LIPITOR.121.txt,0,1,1,1,0
290,LIPITOR.122.txt,0,1,0,0,0
291,LIPITOR.123.txt,0,1,0,0,0
292,LIPITOR.124.txt,0,1,0,0,1
293,LIPITOR.125.txt,0,1,0,0,0
294,LIPITOR.126.txt,0,1,1,0,0
295,LIPITOR.127.txt,0,1,0,0,0
296,LIPITOR.128.txt,0,1,0,0,0
297,LIPITOR.129.txt,0,1,0,1,0
298,LIPITOR.130.txt,0,1,1,1,0
299,LIPITOR.131.txt,0,1,0,1,0
300,LIPITOR.132.txt,0,1,0,0,0
301,LIPITOR.133.txt,0,1,0,0,0
302,LIPITOR.134.txt,0,1,1,1,0
303,LIPITOR.135.txt,0,1,0,1,0
304,LIPITOR.136.txt,0,1,0,0,0
305,LIPITOR.137.txt,0,1,1,0,0
306,LIPITOR.138.txt,0,1,0,0,0
307,LIPITOR.139.txt,0,1,0,0,0
308,LIPITOR.140.txt,0,1,0,0,0
309,LIPITOR.141.txt,0,1,1,1,0
310,LIPITOR.142.txt,0,1,1,0,0
311,LIPITOR.143.txt,0,1,0,0,0
312,LIPITOR.144.txt,0,1,1,0,0
313,LIPITOR.145.txt,0,1,0,0,0
314,LIPITOR.146.txt,0,1,0,0,0
315,LIPITOR.147.txt,0,1,0,0,0
316,LIPITOR.148.txt,0,1,1,0,0
317,LIPITOR.149.txt,0,1,0,0,0
318,LIPITOR.150.txt,0,1,1,0,0
319,LIPITOR.151.txt,0,1,0,0,0
320,LIPITOR.152.txt,0,1,0,0,0
321,LIPITOR.153.txt,0,1,0,0,0
322,LIPITOR.154.txt,0,1,0,0,0
323,LIPITOR.155.txt,0,1,0,0,0
324,LIPITOR.156.txt,0,1,0,0,0
325,LIPITOR.157.txt,0,1,0,0,0
326,LIPITOR.158.txt,0,1,0,0,0
327,LIPITOR.159.txt,0,1,0,0,0
328,LIPITOR.160.txt,0,1,0,0,1
329,LIPITOR.161.txt,0,1,0,0,0
330,LIPITOR.162.txt,0,1,0,1,0
331,LIPITOR.163.txt,0,1,1,0,0
332,LIPITOR.164.txt,0,1,0,0,0
333,LIPITOR.165.txt,0,1,1,0,0
334,LIPITOR.166.txt,0,1,0,0,0
335,LIPITOR.167.txt,0,1,0,0,0
336,LIPITOR.168.txt,0,1,1,0,0
337,LIPITOR.169.txt,0,1,0,0,0
338,LIPITOR.170.txt,0,1,1,0,0
339,LIPITOR.171.txt,1,1,1,1,0
340,LIPITOR.172.txt,0,1,0,0,0
341,LIPITOR.173.txt,0,1,1,1,0
342,LIPITOR.174.txt,0,1,0,0,0
343,LIPITOR.175.txt,0,1,1,0,0
344,LIPITOR.176.txt,0,1,0,0,1
345,LIPITOR.177.txt,0,1,1,0,0
346,LIPITOR.178.txt,0,1,0,1,0
347,LIPITOR.179.txt,0,1,0,0,0
348,LIPITOR.180.txt,0,1,0,0,0
349,LIPITOR.181.txt,0,1,0,1,0
350,LIPITOR.182.txt,0,1,0,0,0
351,LIPITOR.183.txt,0,1,0,0,0
352,LIPITOR.184.txt,0,1,0,1,0
353,LIPITOR.185.txt,0,1,1,0,0
354,LIPITOR.186.txt,0,1,0,1,0
355,LIPITOR.187.txt,0,1,1,0,0
356,LIPITOR.188.txt,0,1,0,1,0
357,LIPITOR.189.txt,0,1,0,0,0
358,LIPITOR.190.txt,0,1,0,0,0
359,LIPITOR.191.txt,0,1,0,0,0
360,LIPITOR.192.txt,0,1,0,0,0
361,LIPITOR.193.txt,0,1,0,0,0
362,LIPITOR.194.txt,0,1,0,0,0
363,LIPITOR.195.txt,0,1,0,1,0
364,LIPITOR.196.txt,0,1,1,0,0
365,LIPITOR.197.txt,0,1,0,0,0
366,LIPITOR.198.txt,0,1,0,0,0
367,LIPITOR.199.txt,0,1,0,0,1
368,LIPITOR.200.txt,0,1,1,1,0
369,LIPITOR.201.txt,0,1,0,0,0
370,LIPITOR.202.txt,0,1,0,0,0
371,LIPITOR.203.txt,0,1,0,0,0
372,LIPITOR.204.txt,0,1,0,0,0
373,LIPITOR.205.txt,0,1,1,0,0
374,LIPITOR.206.txt,0,1,0,0,0
375,LIPITOR.207.txt,0,1,0,0,1
376,LIPITOR.208.txt,0,1,0,0,0
377,LIPITOR.209.txt,0,1,0,0,1
378,LIPITOR.210.txt,0,1,0,0,0
379,LIPITOR.211.txt,0,1,0,0,0
380,LIPITOR.212.txt,0,1,0,0,0
381,LIPITOR.213.txt,0,1,0,0,0
382,LIPITOR.214.txt,0,1,1,1,0
383,LIPITOR.215.txt,0,1,0,0,0
384,LIPITOR.216.txt,0,1,0,1,0
385,LIPITOR.217.txt,0,1,0,1,0
386,LIPITOR.218.txt,1,1,1,0,0
387,LIPITOR.219.txt,1,1,0,0,1
388,LIPITOR.220.txt,0,1,0,0,0
389,LIPITOR.221.txt,0,1,0,0,0
390,LIPITOR.222.txt,0,1,1,0,0
391,LIPITOR.223.txt,0,1,0,0,0
392,LIPITOR.224.txt,0,1,0,1,0
393,LIPITOR.225.txt,1,1,0,0,0
394,LIPITOR.226.txt,0,1,0,0,0
395,LIPITOR.227.txt,0,1,0,0,0
396,LIPITOR.228.txt,0,1,0,0,0
397,LIPITOR.229.txt,0,1,0,1,0
398,LIPITOR.230.txt,0,1,0,0,0
399,LIPITOR.231.txt,0,1,0,0,0
400,LIPITOR.232.txt,0,1,0,0,0
401,LIPITOR.233.txt,0,1,0,0,0
402,LIPITOR.234.txt,0,1,0,0,0
403,LIPITOR.235.txt,0,1,0,0,0
404,LIPITOR.236.txt,0,1,1,0,0
405,LIPITOR.237.txt,0,1,0,0,0
406,LIPITOR.238.txt,0,1,0,0,0
407,LIPITOR.239.txt,0,1,0,0,0
408,LIPITOR.240.txt,0,1,0,0,0
409,LIPITOR.241.txt,0,1,0,0,0
410,LIPITOR.242.txt,0,1,0,0,1
411,LIPITOR.243.txt,0,1,0,0,0
412,LIPITOR.244.txt,0,1,1,0,0
413,LIPITOR.245.txt,0,1,0,0,0
414,LIPITOR.246.txt,0,1,1,0,1
415,LIPITOR.247.txt,0,1,0,0,0
416,LIPITOR.248.txt,0,1,0,0,0
417,LIPITOR.249.txt,0,1,0,0,0
418,LIPITOR.250.txt,0,1,0,0,0
419,LIPITOR.251.txt,0,1,0,0,0
420,LIPITOR.252.txt,0,1,0,1,0
421,LIPITOR.253.txt,0,1,0,0,0
422,LIPITOR.254.txt,0,1,0,0,0
423,LIPITOR.255.txt,0,1,0,0,0
424,LIPITOR.256.txt,0,1,0,0,0
425,LIPITOR.257.txt,0,1,0,0,0
426,LIPITOR.258.txt,0,1,0,0,0
427,LIPITOR.259.txt,0,1,1,0,0
428,LIPITOR.260.txt,0,1,0,0,0
429,LIPITOR.261.txt,0,1,0,1,0
430,LIPITOR.262.txt,0,1,0,0,0
431,LIPITOR.263.txt,0,1,0,0,0
432,LIPITOR.264.txt,0,1,1,0,0
433,LIPITOR.265.txt,0,1,1,0,0
434,LIPITOR.266.txt,0,1,0,0,0
435,LIPITOR.267.txt,0,1,0,0,0
436,LIPITOR.268.txt,0,1,0,0,0
437,LIPITOR.269.txt,0,1,0,0,0
438,LIPITOR.270.txt,0,1,1,0,0
439,LIPITOR.271.txt,0,1,0,0,0
440,LIPITOR.272.txt,0,1,0,0,0
441,LIPITOR.273.txt,0,1,1,1,0
442,LIPITOR.274.txt,0,1,1,0,0
443,LIPITOR.275.txt,0,1,0,0,0
444,LIPITOR.276.txt,0,1,0,0,0
445,LIPITOR.277.txt,0,1,0,0,0
446,LIPITOR.278.txt,0,1,0,0,0
447,LIPITOR.279.txt,0,1,0,0,0
448,LIPITOR.280.txt,0,1,1,0,0
449,LIPITOR.281.txt,0,1,1,0,0
450,LIPITOR.282.txt,0,1,0,0,0
451,LIPITOR.283.txt,0,1,0,0,0
452,LIPITOR.284.txt,0,1,1,0,0
453,LIPITOR.285.txt,0,1,0,0,0
454,LIPITOR.286.txt,0,1,0,0,0
455,LIPITOR.287.txt,0,1,0,0,1
456,LIPITOR.288.txt,0,1,0,0,0
457,LIPITOR.289.txt,0,1,1,0,0
458,LIPITOR.290.txt,0,1,0,1,0
459,LIPITOR.291.txt,0,1,0,0,0
460,LIPITOR.292.txt,0,1,1,0,0
461,LIPITOR.293.txt,0,1,0,0,0
462,LIPITOR.294.txt,0,1,1,0,0
463,LIPITOR.295.txt,0,1,0,0,0
464,LIPITOR.296.txt,0,1,0,0,0
465,LIPITOR.297.txt,0,1,1,1,0
466,LIPITOR.298.txt,0,1,1,0,0
467,LIPITOR.299.txt,0,0,0,0,1
468,LIPITOR.300.txt,0,1,0,0,0
469,LIPITOR.301.txt,0,1,1,0,0
470,LIPITOR.302.txt,0,1,0,0,0
471,LIPITOR.303.txt,0,1,0,0,0
472,LIPITOR.304.txt,0,1,1,1,0
473,LIPITOR.305.txt,0,1,0,0,0
474,LIPITOR.306.txt,0,1,0,0,1
475,LIPITOR.307.txt,0,1,0,1,0
476,LIPITOR.308.txt,0,1,0,0,0
477,LIPITOR.309.txt,0,1,1,0,0
478,LIPITOR.310.txt,0,1,1,0,0
479,LIPITOR.311.txt,0,1,1,0,0
480,LIPITOR.312.txt,0,1,0,0,0
481,LIPITOR.313.txt,0,1,0,0,0
482,LIPITOR.314.txt,1,1,0,1,1
483,LIPITOR.315.txt,0,1,0,0,0
484,LIPITOR.316.txt,0,1,0,0,0
485,LIPITOR.317.txt,0,1,1,1,0
486,LIPITOR.318.txt,0,1,0,1,0
487,LIPITOR.319.txt,0,1,1,0,0
488,LIPITOR.320.txt,0,1,0,0,0
489,LIPITOR.321.txt,0,1,0,0,0
490,LIPITOR.322.txt,0,1,0,1,0
491,LIPITOR.323.txt,0,1,0,0,0
492,LIPITOR.324.txt,0,1,1,1,1
493,LIPITOR.325.txt,1,1,0,0,0
494,LIPITOR.326.txt,0,1,0,0,0
495,LIPITOR.327.txt,1,1,1,0,0
496,LIPITOR.328.txt,0,1,0,0,0
497,LIPITOR.329.txt,0,1,0,0,0
498,LIPITOR.330.txt,0,1,0,0,0
499,LIPITOR.331.txt,1,1,0,0,0
500,LIPITOR.332.txt,0,1,0,0,0
501,LIPITOR.333.txt,0,1,0,0,0
502,LIPITOR.334.txt,0,1,0,0,0
503,LIPITOR.335.txt,0,1,1,0,0
504,LIPITOR.336.txt,0,1,0,0,0
505,LIPITOR.337.txt,0,1,0,0,0
506,LIPITOR.338.txt,0,1,0,0,0
507,LIPITOR.339.txt,0,1,0,0,0
508,LIPITOR.340.txt,0,1,1,0,0
509,LIPITOR.341.txt,0,1,0,1,0
510,LIPITOR.342.txt,0,1,1,0,1
511,LIPITOR.343.txt,0,1,0,0,1
512,LIPITOR.344.txt,0,1,0,0,0
513,LIPITOR.345.txt,1,1,0,0,0
514,LIPITOR.346.txt,0,1,0,0,0
515,LIPITOR.347.txt,0,1,0,0,0
516,LIPITOR.348.txt,1,1,1,0,0
517,LIPITOR.349.txt,0,1,0,0,0
518,LIPITOR.350.txt,0,1,0,0,0
519,LIPITOR.351.txt,0,1,0,0,0
520,LIPITOR.352.txt,0,1,0,0,0
521,LIPITOR.353.txt,0,1,0,0,0
522,LIPITOR.354.txt,0,1,0,0,0
523,LIPITOR.355.txt,0,1,0,0,0
524,LIPITOR.356.txt,1,1,0,0,0
525,LIPITOR.357.txt,0,0,0,0,1
526,LIPITOR.358.txt,0,1,0,1,0
527,LIPITOR.359.txt,0,1,1,1,0
528,LIPITOR.360.txt,0,1,0,0,1
529,LIPITOR.361.txt,0,1,0,0,1
530,LIPITOR.362.txt,0,1,0,0,0
531,LIPITOR.363.txt,0,1,1,1,0
532,LIPITOR.364.txt,0,1,0,0,0
533,LIPITOR.365.txt,0,1,0,0,0
534,LIPITOR.366.txt,0,1,0,0,0
535,LIPITOR.367.txt,0,1,0,0,0
536,LIPITOR.368.txt,0,1,0,0,0
537,LIPITOR.369.txt,0,1,0,0,0
538,LIPITOR.370.txt,0,1,0,0,0
539,LIPITOR.371.txt,0,1,0,0,0
540,LIPITOR.372.txt,0,1,0,0,0
541,LIPITOR.373.txt,0,1,0,0,0
542,LIPITOR.374.txt,0,1,0,0,0
543,LIPITOR.375.txt,0,1,0,0,0
544,LIPITOR.376.txt,0,1,0,0,0
545,LIPITOR.377.txt,0,1,0,0,0
546,LIPITOR.378.txt,0,1,0,0,0
547,LIPITOR.379.txt,0,1,0,0,0
548,LIPITOR.380.txt,0,1,0,0,0
549,LIPITOR.381.txt,0,1,0,0,0
550,LIPITOR.382.txt,0,1,0,0,1
551,LIPITOR.383.txt,0,1,0,0,0
552,LIPITOR.384.txt,0,1,1,0,0
553,LIPITOR.385.txt,0,1,0,1,0
554,LIPITOR.386.txt,0,1,0,0,0
555,LIPITOR.387.txt,0,1,0,0,0
556,LIPITOR.388.txt,0,1,0,0,0
557,LIPITOR.389.txt,0,1,0,1,0
558,LIPITOR.390.txt,0,1,0,0,0
559,LIPITOR.391.txt,0,1,0,0,0
560,LIPITOR.392.txt,0,1,0,0,0
561,LIPITOR.393.txt,0,1,0,0,0
562,LIPITOR.394.txt,0,1,0,0,0
563,LIPITOR.395.txt,0,1,0,0,0
564,LIPITOR.396.txt,0,1,0,0,0
565,LIPITOR.397.txt,0,1,0,0,0
566,LIPITOR.398.txt,0,1,0,0,0
567,LIPITOR.399.txt,0,1,1,0,0
568,LIPITOR.400.txt,0,1,0,0,0
569,LIPITOR.401.txt,0,1,1,0,1
570,LIPITOR.402.txt,0,1,0,0,0
571,LIPITOR.403.txt,0,1,0,0,0
572,LIPITOR.404.txt,0,1,0,1,0
573,LIPITOR.405.txt,0,1,0,0,0
574,LIPITOR.406.txt,0,1,0,0,0
575,LIPITOR.407.txt,0,1,0,0,0
576,LIPITOR.408.txt,0,1,0,0,0
577,LIPITOR.409.txt,0,1,0,0,0
578,LIPITOR.410.txt,0,1,0,0,0
579,LIPITOR.411.txt,0,1,0,0,0
580,LIPITOR.412.txt,0,1,1,0,0
581,LIPITOR.413.txt,0,1,0,1,0
582,LIPITOR.414.txt,0,1,0,0,0
583,LIPITOR.415.txt,0,1,1,0,0
584,LIPITOR.416.txt,0,1,0,0,0
585,LIPITOR.417.txt,0,1,0,0,0
586,LIPITOR.418.txt,0,1,1,1,0
587,LIPITOR.419.txt,0,1,0,0,0
588,LIPITOR.420.txt,0,1,0,0,0
589,LIPITOR.421.txt,0,1,0,1,1
590,LIPITOR.422.txt,0,1,0,0,0
591,LIPITOR.423.txt,0,1,0,0,0
592,LIPITOR.424.txt,0,1,0,1,0
593,LIPITOR.425.txt,0,1,0,0,0
594,LIPITOR.426.txt,0,1,0,0,0
595,LIPITOR.427.txt,0,1,1,0,0
596,LIPITOR.428.txt,0,1,0,0,0
597,LIPITOR.429.txt,0,1,0,0,0
598,LIPITOR.430.txt,0,1,0,0,1
599,LIPITOR.431.txt,0,1,0,0,0
600,LIPITOR.432.txt,0,1,0,0,0
601,LIPITOR.433.txt,0,1,1,0,0
602,LIPITOR.434.txt,0,1,0,0,0
603,LIPITOR.435.txt,0,1,0,0,0
604,LIPITOR.436.txt,0,1,0,0,0
605,LIPITOR.437.txt,0,1,0,0,0
606,LIPITOR.438.txt,0,0,1,0,0
607,LIPITOR.439.txt,0,1,1,0,0
608,LIPITOR.440.txt,0,1,0,0,0
609,LIPITOR.441.txt,0,1,1,0,0
610,LIPITOR.442.txt,0,1,0,0,0
611,LIPITOR.443.txt,0,1,1,0,0
612,LIPITOR.444.txt,0,1,0,0,0
613,LIPITOR.445.txt,0,1,0,0,0
614,LIPITOR.446.txt,0,1,0,0,0
615,LIPITOR.447.txt,0,1,0,0,0
616,LIPITOR.448.txt,0,1,0,0,0
617,LIPITOR.449.txt,0,1,0,0,0
618,LIPITOR.450.txt,0,1,0,0,0
619,LIPITOR.451.txt,0,1,0,0,0
620,LIPITOR.452.txt,0,1,0,0,0
621,LIPITOR.453.txt,0,1,0,0,0
622,LIPITOR.454.txt,0,1,0,0,0
623,LIPITOR.455.txt,0,1,1,0,0
624,LIPITOR.456.txt,0,1,0,0,0
625,LIPITOR.457.txt,0,1,0,0,0
626,LIPITOR.458.txt,0,1,1,0,0
627,LIPITOR.459.txt,0,1,0,0,0
628,LIPITOR.460.txt,0,1,0,0,0
629,LIPITOR.461.txt,1,1,0,0,0
630,LIPITOR.462.txt,0,1,0,0,0
631,LIPITOR.463.txt,0,1,0,1,0
632,LIPITOR.464.txt,0,1,0,0,0
633,LIPITOR.465.txt,0,1,0,0,0
634,LIPITOR.466.txt,1,1,0,0,0
635,LIPITOR.467.txt,0,1,1,0,0
636,LIPITOR.468.txt,1,1,1,0,1
637,LIPITOR.469.txt,0,1,0,0,0
638,LIPITOR.470.txt,0,1,0,0,0
639,LIPITOR.471.txt,0,1,0,0,0
640,LIPITOR.472.txt,1,1,0,0,0
641,LIPITOR.473.txt,1,1,1,0,0
642,LIPITOR.474.txt,0,1,0,0,0
643,LIPITOR.475.txt,0,1,0,0,0
644,LIPITOR.476.txt,0,1,0,0,0
645,LIPITOR.477.txt,0,1,0,0,0
646,LIPITOR.478.txt,0,1,0,0,0
647,LIPITOR.479.txt,1,1,0,0,0
648,LIPITOR.480.txt,0,1,0,0,0
649,LIPITOR.481.txt,0,1,1,0,0
650,LIPITOR.482.txt,1,1,0,0,0
651,LIPITOR.483.txt,0,1,1,0,0
652,LIPITOR.484.txt,0,1,0,0,1
653,LIPITOR.485.txt,0,1,0,0,0
654,LIPITOR.486.txt,1,1,0,0,0
655,LIPITOR.487.txt,0,1,0,0,0
656,LIPITOR.488.txt,0,1,0,0,0
657,LIPITOR.489.txt,0,0,0,0,0
658,LIPITOR.490.txt,0,1,0,0,0
659,LIPITOR.491.txt,0,1,0,0,0
660,LIPITOR.492.txt,1,1,0,0,0
661,LIPITOR.493.txt,0,1,0,0,0
662,LIPITOR.494.txt,1,1,0,0,0
663,LIPITOR.495.txt,0,1,1,0,0
664,LIPITOR.496.txt,0,1,0,0,0
665,LIPITOR.497.txt,0,1,0,0,0
666,LIPITOR.498.txt,1,1,1,0,0
667,LIPITOR.499.txt,0,1,0,0,0
668,LIPITOR.500.txt,1,1,0,0,0
669,LIPITOR.501.txt,0,1,0,0,0
670,LIPITOR.502.txt,0,1,1,0,1
671,LIPITOR.503.txt,0,1,0,0,0
672,LIPITOR.504.txt,0,1,0,0,0
673,LIPITOR.505.txt,0,1,0,0,0
674,LIPITOR.506.txt,0,1,0,1,0
675,LIPITOR.507.txt,0,1,1,0,0
676,LIPITOR.508.txt,0,1,0,0,0
677,LIPITOR.509.txt,0,1,0,0,0
678,LIPITOR.510.txt,0,0,0,0,0
679,LIPITOR.511.txt,1,1,1,0,1
680,LIPITOR.512.txt,0,1,0,0,1
681,LIPITOR.513.txt,0,1,0,1,0
682,LIPITOR.514.txt,0,1,0,0,0
683,LIPITOR.515.txt,1,1,0,0,0
684,LIPITOR.516.txt,0,1,0,0,0
685,LIPITOR.517.txt,1,1,0,0,0
686,LIPITOR.518.txt,0,1,1,0,0
687,LIPITOR.519.txt,0,1,0,0,0
688,LIPITOR.520.txt,0,1,0,0,0
689,LIPITOR.521.txt,0,1,0,0,1
690,LIPITOR.522.txt,1,1,0,0,0
691,LIPITOR.523.txt,1,1,0,0,0
692,LIPITOR.524.txt,1,1,0,0,0
693,LIPITOR.525.txt,0,1,0,0,0
694,LIPITOR.526.txt,0,1,0,0,0
695,LIPITOR.527.txt,0,1,0,0,0
696,LIPITOR.528.txt,0,1,0,0,0
697,LIPITOR.529.txt,0,0,0,0,0
698,LIPITOR.530.txt,0,1,0,0,0
699,LIPITOR.531.txt,0,1,0,1,0
700,LIPITOR.532.txt,0,1,0,0,0
701,LIPITOR.533.txt,1,1,0,0,0
702,LIPITOR.534.txt,0,1,0,0,0
703,LIPITOR.535.txt,0,1,0,1,0
704,LIPITOR.536.txt,0,1,0,0,1
705,LIPITOR.537.txt,1,1,0,0,0
706,LIPITOR.538.txt,0,1,0,1,0
707,LIPITOR.539.txt,0,1,1,0,0
708,LIPITOR.540.txt,0,1,0,0,0
709,LIPITOR.541.txt,1,1,1,0,0
710,LIPITOR.542.txt,1,1,0,0,0
711,LIPITOR.543.txt,0,1,0,0,0
712,LIPITOR.544.txt,0,1,0,1,0
713,LIPITOR.545.txt,1,1,1,0,0
714,LIPITOR.546.txt,1,1,1,0,0
715,LIPITOR.547.txt,1,1,0,0,0
716,LIPITOR.548.txt,1,1,0,0,0
717,LIPITOR.549.txt,0,1,0,0,0
718,LIPITOR.550.txt,0,1,0,0,0
719,LIPITOR.551.txt,1,1,0,0,0
720,LIPITOR.552.txt,0,1,0,0,0
721,LIPITOR.553.txt,0,1,0,0,0
722,LIPITOR.554.txt,0,1,0,0,0
723,LIPITOR.555.txt,0,1,0,0,0
724,LIPITOR.556.txt,1,1,0,0,0
725,LIPITOR.557.txt,0,1,0,0,0
726,LIPITOR.558.txt,0,1,0,0,0
727,LIPITOR.559.txt,0,1,0,0,0
728,LIPITOR.560.txt,0,1,0,0,0
729,LIPITOR.561.txt,1,1,0,0,0
730,LIPITOR.562.txt,1,1,0,0,0
731,LIPITOR.563.txt,0,1,0,1,0
732,LIPITOR.564.txt,0,1,1,0,0
733,LIPITOR.565.txt,0,1,0,0,0
734,LIPITOR.566.txt,0,1,0,0,0
735,LIPITOR.567.txt,1,1,0,0,0
736,LIPITOR.568.txt,1,1,0,0,0
737,LIPITOR.569.txt,1,1,1,0,0
738,LIPITOR.570.txt,0,1,0,1,0
739,LIPITOR.571.txt,1,1,0,0,0
740,LIPITOR.572.txt,0,1,0,0,0
741,LIPITOR.573.txt,1,1,0,0,0
742,LIPITOR.574.txt,1,1,0,0,0
743,LIPITOR.575.txt,1,1,0,0,0
744,LIPITOR.576.txt,0,1,0,0,0
745,LIPITOR.577.txt,0,1,0,0,0
746,LIPITOR.578.txt,0,1,0,1,0
747,LIPITOR.579.txt,1,1,1,0,0
748,LIPITOR.580.txt,0,1,0,0,0
749,LIPITOR.581.txt,1,1,1,0,0
750,LIPITOR.582.txt,0,1,0,0,0
751,LIPITOR.583.txt,0,1,0,0,0
752,LIPITOR.584.txt,0,1,0,1,0
753,LIPITOR.585.txt,1,1,0,0,0
754,LIPITOR.586.txt,0,1,0,0,0
755,LIPITOR.587.txt,0,1,0,0,0
756,LIPITOR.588.txt,1,1,0,0,1
757,LIPITOR.589.txt,0,1,0,0,1
758,LIPITOR.590.txt,1,1,0,0,0
759,LIPITOR.591.txt,0,1,0,0,0
760,LIPITOR.592.txt,0,1,1,1,0
761,LIPITOR.593.txt,0,1,0,0,0
762,LIPITOR.594.txt,0,1,0,0,0
763,LIPITOR.595.txt,0,1,0,0,0
764,LIPITOR.596.txt,0,1,0,0,0
765,LIPITOR.597.txt,0,1,0,0,0
766,LIPITOR.598.txt,0,1,0,1,0
767,LIPITOR.599.txt,0,1,0,0,0
768,LIPITOR.600.txt,0,1,0,0,0
769,LIPITOR.601.txt,0,1,0,0,0
770,LIPITOR.602.txt,1,1,0,0,0
771,LIPITOR.603.txt,0,1,0,0,1
772,LIPITOR.604.txt,0,1,0,0,0
773,LIPITOR.605.txt,1,1,0,0,1
774,LIPITOR.606.txt,1,1,0,0,0
775,LIPITOR.607.txt,0,1,0,1,0
776,LIPITOR.608.txt,0,1,0,0,0
777,LIPITOR.609.txt,0,1,0,0,0
778,LIPITOR.610.txt,1,1,1,0,0
779,LIPITOR.611.txt,0,1,0,0,0
780,LIPITOR.612.txt,0,1,0,0,1
781,LIPITOR.613.txt,1,1,1,0,0
782,LIPITOR.614.txt,0,1,0,0,0
783,LIPITOR.615.txt,0,1,0,0,0
784,LIPITOR.616.txt,0,1,0,0,0
785,LIPITOR.617.txt,1,1,0,0,1
786,LIPITOR.618.txt,0,1,0,0,0
787,LIPITOR.619.txt,1,1,1,0,1
788,LIPITOR.620.txt,0,1,0,0,0
789,LIPITOR.621.txt,0,1,0,0,0
790,LIPITOR.622.txt,1,1,0,1,1
791,LIPITOR.623.txt,0,1,1,0,0
792,LIPITOR.624.txt,0,1,0,0,0
793,LIPITOR.625.txt,0,1,0,0,0
794,LIPITOR.626.txt,0,1,0,1,0
795,LIPITOR.627.txt,0,1,0,0,0
796,LIPITOR.628.txt,0,1,0,0,0
797,LIPITOR.629.txt,0,1,0,0,0
798,LIPITOR.630.txt,0,1,0,0,0
799,LIPITOR.631.txt,0,1,0,0,0
800,LIPITOR.632.txt,0,1,0,0,0
801,LIPITOR.633.txt,0,1,0,0,0
802,LIPITOR.634.txt,0,1,0,0,0
803,LIPITOR.635.txt,1,1,0,0,0
804,LIPITOR.636.txt,0,1,0,0,0
805,LIPITOR.637.txt,0,1,0,0,0
806,LIPITOR.638.txt,0,1,0,0,0
807,LIPITOR.639.txt,0,1,0,0,0
808,LIPITOR.640.txt,0,1,1,0,0
809,LIPITOR.641.txt,0,1,1,0,0
810,LIPITOR.642.txt,0,1,0,1,0
811,LIPITOR.643.txt,1,1,0,0,0
812,LIPITOR.644.txt,1,1,0,0,0
813,LIPITOR.645.txt,0,1,0,1,0
814,LIPITOR.646.txt,1,1,1,0,0
815,LIPITOR.647.txt,1,1,1,0,0
816,LIPITOR.648.txt,0,1,1,1,0
817,LIPITOR.649.txt,0,1,0,0,0
818,LIPITOR.650.txt,0,1,0,0,0
819,LIPITOR.651.txt,1,1,1,0,0
820,LIPITOR.652.txt,0,1,0,0,1
821,LIPITOR.653.txt,0,1,0,0,0
822,LIPITOR.654.txt,0,1,0,0,0
823,LIPITOR.655.txt,0,1,0,0,0
824,LIPITOR.656.txt,1,1,0,0,0
825,LIPITOR.657.txt,0,1,0,0,0
826,LIPITOR.658.txt,0,1,1,1,0
827,LIPITOR.659.txt,0,1,0,1,0
828,LIPITOR.660.txt,0,1,0,0,0
829,LIPITOR.661.txt,0,1,1,0,1
830,LIPITOR.662.txt,0,1,0,0,0
831,LIPITOR.663.txt,0,1,0,0,1
832,LIPITOR.664.txt,0,1,1,0,0
833,LIPITOR.665.txt,1,1,1,0,0
834,LIPITOR.666.txt,0,1,0,0,0
835,LIPITOR.667.txt,0,1,0,0,0
836,LIPITOR.668.txt,0,1,0,0,0
837,LIPITOR.669.txt,0,1,0,0,0
838,LIPITOR.670.txt,0,1,0,0,0
839,LIPITOR.671.txt,0,1,0,0,0
840,LIPITOR.672.txt,1,1,1,0,0
841,LIPITOR.673.txt,0,1,1,1,0
842,LIPITOR.674.txt,0,1,1,0,0
843,LIPITOR.675.txt,1,1,0,0,0
844,LIPITOR.676.txt,0,1,0,0,0
845,LIPITOR.677.txt,0,1,1,0,0
846,LIPITOR.678.txt,0,1,0,1,0
847,LIPITOR.679.txt,0,1,0,0,0
848,LIPITOR.680.txt,0,1,0,0,0
849,LIPITOR.681.txt,1,1,1,0,0
850,LIPITOR.682.txt,0,1,0,0,0
851,LIPITOR.683.txt,1,1,0,0,0
852,LIPITOR.684.txt,0,1,0,0,0
853,LIPITOR.685.txt,1,1,1,0,0
854,LIPITOR.686.txt,0,1,1,0,0
855,LIPITOR.687.txt,1,1,1,0,0
856,LIPITOR.688.txt,1,1,0,0,0
857,LIPITOR.689.txt,0,1,0,0,0
858,LIPITOR.690.txt,0,1,0,1,0
859,LIPITOR.691.txt,0,1,1,0,1
860,LIPITOR.692.txt,0,1,0,0,1
861,LIPITOR.693.txt,0,1,0,0,0
862,LIPITOR.694.txt,1,1,1,0,1
863,LIPITOR.695.txt,0,1,1,0,0
864,LIPITOR.696.txt,0,1,1,0,0
865,LIPITOR.697.txt,1,1,0,0,1
866,LIPITOR.698.txt,1,1,1,0,0
867,LIPITOR.699.txt,0,1,0,0,0
868,LIPITOR.700.txt,0,1,0,0,0
869,LIPITOR.701.txt,1,1,0,0,0
870,LIPITOR.702.txt,0,1,0,0,0
871,LIPITOR.703.txt,1,1,1,0,0
872,LIPITOR.704.txt,0,1,0,0,1
873,LIPITOR.705.txt,0,1,0,0,0
874,LIPITOR.706.txt,0,1,0,0,0
875,LIPITOR.707.txt,0,1,0,0,0
876,LIPITOR.708.txt,0,1,1,0,0
877,LIPITOR.709.txt,0,1,0,0,0
878,LIPITOR.710.txt,1,1,0,0,1
879,LIPITOR.711.txt,0,1,0,0,0
880,LIPITOR.712.txt,0,1,0,0,0
881,LIPITOR.713.txt,1,1,1,0,0
882,LIPITOR.714.txt,0,1,0,0,0
883,LIPITOR.715.txt,0,1,0,0,0
884,LIPITOR.716.txt,1,1,1,0,0
885,LIPITOR.717.txt,0,1,0,0,0
886,LIPITOR.718.txt,1,1,0,0,1
887,LIPITOR.719.txt,0,1,0,0,0
888,LIPITOR.720.txt,1,1,0,0,0
889,LIPITOR.721.txt,0,1,0,0,0
890,LIPITOR.722.txt,0,1,0,0,0
891,LIPITOR.723.txt,1,1,1,0,0
892,LIPITOR.724.txt,1,1,1,0,0
893,LIPITOR.725.txt,1,1,0,0,0
894,LIPITOR.726.txt,0,1,0,1,1
895,LIPITOR.727.txt,1,1,0,0,0
896,LIPITOR.728.txt,1,1,1,0,0
897,LIPITOR.729.txt,0,1,0,0,0
898,LIPITOR.730.txt,1,1,0,0,1
899,LIPITOR.731.txt,1,1,0,0,0
900,LIPITOR.732.txt,1,1,0,1,0
901,LIPITOR.733.txt,0,1,0,0,0
902,LIPITOR.734.txt,0,1,0,0,0
903,LIPITOR.735.txt,0,1,0,0,0
904,LIPITOR.736.txt,1,1,1,0,0
905,LIPITOR.737.txt,0,1,0,0,0
906,LIPITOR.738.txt,0,1,0,0,0
907,LIPITOR.739.txt,1,1,0,0,0
908,LIPITOR.740.txt,1,1,0,0,1
909,LIPITOR.741.txt,0,0,0,0,0
910,LIPITOR.742.txt,0,1,0,0,0
911,LIPITOR.743.txt,0,1,0,0,0
912,LIPITOR.744.txt,0,1,0,0,0
913,LIPITOR.745.txt,0,1,0,0,0
914,LIPITOR.746.txt,0,1,1,0,1
915,LIPITOR.747.txt,0,1,0,0,0
916,LIPITOR.748.txt,0,1,0,0,0
917,LIPITOR.749.txt,0,1,0,0,0
918,LIPITOR.750.txt,1,1,1,0,0
919,LIPITOR.751.txt,0,1,0,0,0
920,LIPITOR.752.txt,1,1,1,0,0
921,LIPITOR.753.txt,0,1,0,0,0
922,LIPITOR.754.txt,0,1,1,0,0
923,LIPITOR.755.txt,1,1,0,0,0
924,LIPITOR.756.txt,0,1,0,0,0
925,LIPITOR.757.txt,1,1,0,0,0
926,LIPITOR.758.txt,0,1,0,0,0
927,LIPITOR.759.txt,0,1,1,0,0
928,LIPITOR.760.txt,1,1,0,0,0
929,LIPITOR.761.txt,1,1,0,0,0
930,LIPITOR.762.txt,1,1,0,0,0
931,LIPITOR.763.txt,0,1,0,0,0
932,LIPITOR.764.txt,0,1,0,1,0
933,LIPITOR.765.txt,0,1,0,0,0
934,LIPITOR.766.txt,1,1,0,0,1
935,LIPITOR.767.txt,0,1,0,0,0
936,LIPITOR.768.txt,0,1,0,0,0
937,LIPITOR.769.txt,0,1,0,0,0
938,LIPITOR.770.txt,0,1,0,0,0
939,LIPITOR.771.txt,1,1,0,0,0
940,LIPITOR.772.txt,0,1,0,0,0
941,LIPITOR.773.txt,0,1,0,0,0
942,LIPITOR.774.txt,0,1,0,0,0
943,LIPITOR.775.txt,0,1,0,0,0
944,LIPITOR.776.txt,0,1,0,1,0
945,LIPITOR.777.txt,1,1,0,0,0
946,LIPITOR.778.txt,0,1,0,0,0
947,LIPITOR.779.txt,0,1,0,0,0
948,LIPITOR.780.txt,0,1,0,0,1
949,LIPITOR.781.txt,0,1,0,0,0
950,LIPITOR.782.txt,0,1,1,0,0
951,LIPITOR.784.txt,0,1,0,0,0
952,LIPITOR.785.txt,1,1,1,0,0
953,LIPITOR.786.txt,0,1,1,0,1
954,LIPITOR.787.txt,0,1,0,0,0
955,LIPITOR.788.txt,0,1,1,0,0
956,LIPITOR.789.txt,0,1,0,0,0
957,LIPITOR.790.txt,1,1,0,0,0
958,LIPITOR.792.txt,1,1,0,0,0
959,LIPITOR.793.txt,1,1,0,0,0
960,LIPITOR.794.txt,0,1,0,0,0
961,LIPITOR.795.txt,1,1,0,0,0
962,LIPITOR.796.txt,0,1,0,0,0
963,LIPITOR.797.txt,0,1,0,0,0
964,LIPITOR.798.txt,1,1,1,0,0
965,LIPITOR.799.txt,0,1,0,0,0
966,LIPITOR.800.txt,0,1,1,0,0
967,LIPITOR.801.txt,1,1,0,0,0
968,LIPITOR.802.txt,0,1,0,0,0
969,LIPITOR.803.txt,1,1,0,0,0
970,LIPITOR.804.txt,0,1,0,0,0
971,LIPITOR.805.txt,0,1,0,0,0
972,LIPITOR.806.txt,1,1,0,1,0
973,LIPITOR.807.txt,1,1,0,0,0
974,LIPITOR.808.txt,0,1,0,0,0
975,LIPITOR.809.txt,0,1,0,0,0
976,LIPITOR.810.txt,0,1,0,0,0
977,LIPITOR.811.txt,1,1,0,0,0
978,LIPITOR.812.txt,0,1,0,1,0
979,LIPITOR.813.txt,0,1,0,0,0
980,LIPITOR.814.txt,0,1,0,0,0
981,LIPITOR.815.txt,1,1,0,1,0
982,LIPITOR.816.txt,0,1,0,0,0
983,LIPITOR.817.txt,0,1,0,0,0
984,LIPITOR.818.txt,1,1,0,1,0
985,LIPITOR.819.txt,0,1,0,1,0
986,LIPITOR.820.txt,1,1,0,1,0
987,LIPITOR.821.txt,1,1,0,0,1
988,LIPITOR.822.txt,1,1,0,0,0
989,LIPITOR.823.txt,0,1,0,0,0
990,LIPITOR.824.txt,1,1,0,0,0
991,LIPITOR.825.txt,0,1,0,0,0
992,LIPITOR.826.txt,1,1,0,0,1
993,LIPITOR.827.txt,1,1,0,0,0
994,LIPITOR.828.txt,1,1,0,0,0
995,LIPITOR.829.txt,0,0,0,0,0
996,LIPITOR.830.txt,0,1,0,0,0
997,LIPITOR.831.txt,0,1,0,0,0
998,LIPITOR.832.txt,0,1,0,0,1
999,LIPITOR.833.txt,0,1,0,0,1
1000,LIPITOR.834.txt,1,1,1,0,0
1001,LIPITOR.835.txt,0,1,0,0,0
1002,LIPITOR.836.txt,0,1,0,0,0
1003,LIPITOR.837.txt,0,1,0,0,0
1004,LIPITOR.838.txt,0,1,0,1,0
1005,LIPITOR.839.txt,0,1,0,0,0
1006,LIPITOR.840.txt,1,1,0,0,0
1007,LIPITOR.841.txt,1,1,0,0,0
1008,LIPITOR.842.txt,0,1,0,1,0
1009,LIPITOR.843.txt,0,1,0,0,0
1010,LIPITOR.844.txt,0,1,1,0,0
1011,LIPITOR.845.txt,0,1,0,0,0
1012,LIPITOR.846.txt,0,1,0,0,0
1013,LIPITOR.847.txt,0,1,0,0,0
1014,LIPITOR.848.txt,0,1,0,1,0
1015,LIPITOR.849.txt,0,1,0,0,0
1016,LIPITOR.850.txt,1,1,0,0,0
1017,LIPITOR.851.txt,0,1,0,1,0
1018,LIPITOR.852.txt,0,1,0,1,0
1019,LIPITOR.853.txt,1,1,0,0,0
1020,LIPITOR.854.txt,1,1,0,0,0
1021,LIPITOR.855.txt,0,1,0,0,0
1022,LIPITOR.856.txt,0,1,0,0,1
1023,LIPITOR.857.txt,0,1,0,1,0
1024,LIPITOR.858.txt,0,1,0,0,0
1025,LIPITOR.859.txt,0,1,1,0,1
1026,LIPITOR.860.txt,0,1,0,0,0
1027,LIPITOR.861.txt,0,1,0,0,0
1028,LIPITOR.862.txt,0,1,0,0,0
1029,LIPITOR.863.txt,0,1,0,0,0
1030,LIPITOR.864.txt,0,1,0,0,0
1031,LIPITOR.865.txt,1,1,1,1,0
1032,LIPITOR.866.txt,0,1,0,0,0
1033,LIPITOR.867.txt,0,1,0,0,0
1034,LIPITOR.868.txt,1,1,0,0,0
1035,LIPITOR.869.txt,0,1,0,0,0
1036,LIPITOR.870.txt,1,1,0,0,0
1037,LIPITOR.871.txt,0,1,0,0,0
1038,LIPITOR.872.txt,0,1,0,0,0
1039,LIPITOR.873.txt,0,1,0,0,0
1040,LIPITOR.874.txt,0,1,0,0,0
1041,LIPITOR.875.txt,0,1,1,0,0
1042,LIPITOR.876.txt,0,1,0,0,0
1043,LIPITOR.877.txt,0,1,0,0,0
1044,LIPITOR.878.txt,0,1,0,1,0
1045,LIPITOR.879.txt,1,1,1,0,0
1046,LIPITOR.880.txt,0,1,0,1,0
1047,LIPITOR.881.txt,0,0,0,0,1
1048,LIPITOR.882.txt,0,1,1,1,0
1049,LIPITOR.883.txt,0,1,1,0,0
1050,LIPITOR.884.txt,0,1,1,0,0
1051,LIPITOR.885.txt,0,1,1,0,0
1052,LIPITOR.886.txt,0,1,0,0,0
1053,LIPITOR.887.txt,1,1,1,0,0
1054,LIPITOR.888.txt,0,1,0,0,0
1055,LIPITOR.889.txt,0,1,0,0,0
1056,LIPITOR.890.txt,0,1,1,0,1
1057,LIPITOR.891.txt,0,1,0,0,0
1058,LIPITOR.892.txt,0,1,0,0,0
1059,LIPITOR.893.txt,1,1,0,0,0
1060,LIPITOR.894.txt,0,1,0,0,0
1061,LIPITOR.895.txt,0,1,0,0,0
1062,LIPITOR.896.txt,0,1,1,0,0
1063,LIPITOR.897.txt,0,1,0,0,0
1064,LIPITOR.898.txt,0,1,1,0,0
1065,LIPITOR.899.txt,0,1,1,0,0
1066,LIPITOR.900.txt,0,1,0,0,0
1067,LIPITOR.901.txt,0,1,0,0,1
1068,LIPITOR.902.txt,0,1,0,0,0
1069,LIPITOR.903.txt,0,1,0,1,0
1070,LIPITOR.904.txt,0,1,0,0,0
1071,LIPITOR.905.txt,0,1,0,1,0
1072,LIPITOR.906.txt,0,1,1,0,0
1073,LIPITOR.907.txt,1,1,0,0,0
1074,LIPITOR.908.txt,0,1,0,0,0
1075,LIPITOR.909.txt,0,1,1,0,1
1076,LIPITOR.910.txt,0,1,0,0,0
1077,LIPITOR.911.txt,0,1,0,0,0
1078,LIPITOR.912.txt,0,1,1,0,0
1079,LIPITOR.913.txt,0,1,0,0,0
1080,LIPITOR.914.txt,0,1,0,0,0
1081,LIPITOR.915.txt,0,1,0,0,0
1082,LIPITOR.916.txt,0,1,0,0,0
1083,LIPITOR.917.txt,0,1,0,0,0
1084,LIPITOR.918.txt,0,1,0,0,0
1085,LIPITOR.919.txt,0,1,0,0,0
1086,LIPITOR.920.txt,0,1,1,0,0
1087,LIPITOR.921.txt,0,1,0,0,0
1088,LIPITOR.922.txt,0,1,0,0,0
1089,LIPITOR.923.txt,0,1,1,0,0
1090,LIPITOR.924.txt,0,1,0,0,0
1091,LIPITOR.925.txt,0,1,0,0,0
1092,LIPITOR.926.txt,0,1,0,0,1
1093,LIPITOR.927.txt,0,1,1,0,0
1094,LIPITOR.928.txt,1,1,0,0,0
1095,LIPITOR.929.txt,0,1,0,0,0
1096,LIPITOR.930.txt,0,1,0,0,0
1097,LIPITOR.931.txt,0,1,0,0,0
1098,LIPITOR.932.txt,0,1,0,1,1
1099,LIPITOR.933.txt,0,1,0,0,0
1100,LIPITOR.934.txt,0,1,0,0,0
1101,LIPITOR.935.txt,1,1,0,0,0
1102,LIPITOR.936.txt,0,1,0,0,0
1103,LIPITOR.937.txt,0,1,1,0,0
1104,LIPITOR.938.txt,0,1,0,0,0
1105,LIPITOR.939.txt,0,1,0,0,0
1106,LIPITOR.940.txt,0,1,0,0,0
1107,LIPITOR.941.txt,0,1,1,0,0
1108,LIPITOR.942.txt,0,1,0,0,0
1109,LIPITOR.943.txt,0,1,0,0,0
1110,LIPITOR.944.txt,0,1,0,1,0
1111,LIPITOR.945.txt,0,1,1,0,0
1112,LIPITOR.946.txt,0,1,0,0,0
1113,LIPITOR.947.txt,0,1,0,0,0
1114,LIPITOR.948.txt,0,1,1,0,0
1115,LIPITOR.949.txt,1,1,0,0,0
1116,LIPITOR.950.txt,0,1,0,0,0
1117,LIPITOR.951.txt,0,1,0,0,0
1118,LIPITOR.952.txt,0,1,0,0,0
1119,LIPITOR.953.txt,0,1,0,0,0
1120,LIPITOR.954.txt,0,1,0,0,0
1121,LIPITOR.955.txt,0,1,0,0,0
1122,LIPITOR.956.txt,0,1,1,0,0
1123,LIPITOR.957.txt,0,1,0,0,0
1124,LIPITOR.958.txt,0,1,0,0,0
1125,LIPITOR.959.txt,0,1,0,1,0
1126,LIPITOR.960.txt,0,1,0,0,0
1127,LIPITOR.961.txt,0,1,1,0,0
1128,LIPITOR.962.txt,0,1,0,0,0
1129,LIPITOR.963.txt,0,1,0,0,0
1130,LIPITOR.964.txt,0,1,1,0,0
1131,LIPITOR.965.txt,0,1,0,1,0
1132,LIPITOR.966.txt,0,1,1,1,0
1133,LIPITOR.967.txt,1,1,0,0,0
1134,LIPITOR.968.txt,0,1,0,0,0
1135,LIPITOR.969.txt,0,1,0,0,0
1136,LIPITOR.970.txt,0,1,1,0,0
1137,LIPITOR.971.txt,0,1,0,0,0
1138,LIPITOR.972.txt,1,1,1,0,0
1139,LIPITOR.973.txt,0,1,0,0,0
1140,LIPITOR.974.txt,0,1,0,0,0
1141,LIPITOR.975.txt,0,1,0,0,0
1142,LIPITOR.976.txt,0,1,0,0,0
1143,LIPITOR.977.txt,0,1,0,0,0
1144,LIPITOR.978.txt,0,1,1,0,0
1145,LIPITOR.979.txt,0,1,1,0,0
1146,LIPITOR.980.txt,0,1,0,0,0
1147,LIPITOR.981.txt,0,1,1,0,0
1148,LIPITOR.982.txt,0,1,0,0,0
1149,LIPITOR.983.txt,0,1,1,0,0
1150,LIPITOR.984.txt,0,1,0,0,0
1151,LIPITOR.985.txt,0,1,0,0,0
1152,LIPITOR.986.txt,0,1,1,0,0
1153,LIPITOR.987.txt,0,1,1,0,0
1154,LIPITOR.988.txt,0,1,0,0,0
1155,LIPITOR.989.txt,0,1,0,0,0
1156,LIPITOR.990.txt,0,1,0,0,0
1157,LIPITOR.991.txt,0,1,0,0,0
1158,LIPITOR.992.txt,0,1,0,1,0
1159,LIPITOR.993.txt,0,1,0,0,0
1160,LIPITOR.994.txt,0,1,1,0,0
1161,LIPITOR.995.txt,0,1,0,0,0
1162,LIPITOR.996.txt,0,1,0,0,0
1163,LIPITOR.997.txt,0,1,1,0,0
1164,LIPITOR.998.txt,0,1,0,0,0
1165,LIPITOR.999.txt,0,1,0,0,0
1166,LIPITOR.1000.txt,1,1,0,1,0
1167,PENNSAID.1.txt,0,1,0,0,0
1168,PENNSAID.2.txt,0,1,0,0,0
1169,PENNSAID.3.txt,0,1,0,0,0
1170,PENNSAID.4.txt,1,1,0,0,0
1171,SOLARAZE.1.txt,0,1,0,0,0
1172,SOLARAZE.2.txt,0,1,0,0,0
1173,SOLARAZE.3.txt,0,1,0,0,0
1174,VOLTAREN.1.txt,0,1,1,0,0
1175,VOLTAREN.2.txt,0,1,1,0,0
1176,VOLTAREN.3.txt,0,1,0,0,0
1177,VOLTAREN.4.txt,1,1,0,0,0
1178,VOLTAREN.5.txt,0,1,0,0,0
1179,VOLTAREN.6.txt,0,1,0,0,0
1180,VOLTAREN.7.txt,0,1,0,0,0
1181,VOLTAREN.8.txt,0,1,1,0,0
1182,VOLTAREN.9.txt,0,1,0,1,0
1183,VOLTAREN.10.txt,0,1,0,1,0
1184,VOLTAREN.11.txt,0,1,0,0,0
1185,VOLTAREN.12.txt,0,1,0,1,0
1186,VOLTAREN.13.txt,0,1,0,0,0
1187,VOLTAREN.14.txt,0,1,0,0,0
1188,VOLTAREN.15.txt,0,1,0,0,0
1189,VOLTAREN.16.txt,0,1,0,0,0
1190,VOLTAREN.17.txt,0,1,0,0,0
1191,VOLTAREN.18.txt,0,1,0,0,0
1192,VOLTAREN.19.txt,0,1,0,0,0
1193,VOLTAREN.20.txt,1,1,0,0,0
1194,VOLTAREN.21.txt,0,1,1,0,0
1195,VOLTAREN.22.txt,0,1,0,0,0
1196,VOLTAREN.23.txt,1,1,0,0,0
1197,VOLTAREN.24.txt,0,1,1,0,0
1198,VOLTAREN.25.txt,1,1,1,0,0
1199,VOLTAREN.26.txt,0,1,0,0,0
1200,VOLTAREN.27.txt,1,1,0,0,0
1201,VOLTAREN.28.txt,0,1,0,0,0
1202,VOLTAREN.29.txt,0,1,0,1,0
1203,VOLTAREN.30.txt,0,1,1,0,0
1204,VOLTAREN.31.txt,0,1,0,1,0
1205,VOLTAREN.32.txt,0,1,1,0,0
1206,VOLTAREN.33.txt,0,1,0,0,0
1207,VOLTAREN.34.txt,0,1,0,0,0
1208,VOLTAREN.35.txt,0,1,1,0,0
1209,VOLTAREN.36.txt,0,1,0,0,0
1210,VOLTAREN.37.txt,0,1,1,0,0
1211,VOLTAREN.38.txt,0,1,0,0,0
1212,VOLTAREN.39.txt,0,1,1,0,0
1213,VOLTAREN.40.txt,0,1,1,0,0
1214,VOLTAREN.41.txt,0,1,0,0,0
1215,VOLTAREN.42.txt,0,1,0,0,0
1216,VOLTAREN.43.txt,0,1,0,0,0
1217,VOLTAREN.44.txt,1,1,0,0,0
1218,VOLTAREN.45.txt,0,1,0,0,0
1219,VOLTAREN.46.txt,1,1,0,0,0
1220,VOLTAREN-XR.1.txt,0,1,0,0,0
1221,VOLTAREN-XR.2.txt,0,1,0,0,0
1222,VOLTAREN-XR.3.txt,0,1,1,1,0
1223,VOLTAREN-XR.4.txt,0,1,0,0,0
1224,VOLTAREN-XR.5.txt,0,1,1,1,0
1225,VOLTAREN-XR.6.txt,0,1,0,0,0
1226,VOLTAREN-XR.7.txt,0,1,0,0,0
1227,VOLTAREN-XR.8.txt,0,1,0,0,0
1228,VOLTAREN-XR.9.txt,0,0,0,0,0
1229,VOLTAREN-XR.10.txt,1,1,0,0,0
1230,VOLTAREN-XR.11.txt,0,1,0,0,0
1231,VOLTAREN-XR.12.txt,0,1,0,0,0
1232,VOLTAREN-XR.13.txt,0,1,0,0,0
1233,VOLTAREN-XR.14.txt,0,1,0,1,0
1234,VOLTAREN-XR.15.txt,0,1,0,0,0
1235,VOLTAREN-XR.16.txt,0,1,1,1,0
1236,VOLTAREN-XR.17.txt,0,1,0,1,0
1237,VOLTAREN-XR.18.txt,1,1,0,0,0
1238,VOLTAREN-XR.19.txt,0,1,0,0,0
1239,VOLTAREN-XR.20.txt,0,1,1,0,0
1240,VOLTAREN-XR.21.txt,0,1,1,0,0
1241,VOLTAREN-XR.22.txt,0,1,0,0,0
1242,ZIPSOR.1.txt,0,1,0,0,0
1243,ZIPSOR.2.txt,1,1,0,0,0
1244,ZIPSOR.3.txt,0,1,0,0,0
1245,ZIPSOR.4.txt,0,1,0,0,0
1246,ZIPSOR.5.txt,1,1,0,0,0
